-- Type de soin
    insert into type_soin(id_type_soin, nom_type_soin) values('TPS000001', 'Sante');
    insert into type_soin(id_type_soin, nom_type_soin) values('TPS000002', 'Beaute');

-- Dent
    insert into dent(numero_dent, nom_dent, cout_reparation, cout_remplacement) values(1, '3 eme molaire  Dent de sagesse', 20, 30);
    insert into dent(numero_dent, nom_dent, cout_reparation, cout_remplacement) values(2, '2 eme molaire', 20, 30);
    insert into dent(numero_dent, nom_dent, cout_reparation, cout_remplacement) values(3, '1 ere molaire', 20, 30);
    insert into dent(numero_dent, nom_dent, cout_reparation, cout_remplacement) values(4, '2 eme premolaire', 20, 30);
    insert into dent(numero_dent, nom_dent, cout_reparation, cout_remplacement) values(5, '1 ere prémolaire', 20, 30);
    insert into dent(numero_dent, nom_dent, cout_reparation, cout_remplacement) values(6, 'Canine', 20, 30);
    insert into dent(numero_dent, nom_dent, cout_reparation, cout_remplacement) values(7, 'Incisive laterale', 20, 30);
    insert into dent(numero_dent, nom_dent, cout_reparation, cout_remplacement) values(8, 'Incisive centrale', 20, 30);
    insert into dent(numero_dent, nom_dent, cout_reparation, cout_remplacement) values(9, 'Incisive centrale', 20, 30);
    insert into dent(numero_dent, nom_dent, cout_reparation, cout_remplacement) values(10, 'Incisive latérale', 20, 30);
    insert into dent(numero_dent, nom_dent, cout_reparation, cout_remplacement) values(11, 'Canine', 20, 30);
    insert into dent(numero_dent, nom_dent, cout_reparation, cout_remplacement) values(12, '1ere premolaire', 20, 30);
    insert into dent(numero_dent, nom_dent, cout_reparation, cout_remplacement) values(13, '2 eme premolaire', 20, 30);
    insert into dent(numero_dent, nom_dent, cout_reparation, cout_remplacement) values(14, '1ere molaire', 20, 30);
    insert into dent(numero_dent, nom_dent, cout_reparation, cout_remplacement) values(15, '2 eme molaire', 20, 30);
    insert into dent(numero_dent, nom_dent, cout_reparation, cout_remplacement) values(16, '3 eme molaire – Dent de sagesse', 20, 30);
    
    insert into dent(numero_dent, nom_dent, cout_reparation, cout_remplacement) values(21, '3 eme molaire  Dent de sagesse', 20, 30);
    insert into dent(numero_dent, nom_dent, cout_reparation, cout_remplacement) values(22, '2 eme molaire', 20, 30);
    insert into dent(numero_dent, nom_dent, cout_reparation, cout_remplacement) values(23, '1ere molaire', 20, 30);
    insert into dent(numero_dent, nom_dent, cout_reparation, cout_remplacement) values(24, '2 eme premolaire', 20, 30);
    insert into dent(numero_dent, nom_dent, cout_reparation, cout_remplacement) values(25, '1 ere premolaire', 20, 30);
    insert into dent(numero_dent, nom_dent, cout_reparation, cout_remplacement) values(26, 'Canine', 20, 30);
    insert into dent(numero_dent, nom_dent, cout_reparation, cout_remplacement) values(27, 'Incisive latérale', 20, 30);
    insert into dent(numero_dent, nom_dent, cout_reparation, cout_remplacement) values(28, 'Incisive centrale', 20, 30);
    insert into dent(numero_dent, nom_dent, cout_reparation, cout_remplacement) values(29, 'Incisive centrale', 20, 30);
    insert into dent(numero_dent, nom_dent, cout_reparation, cout_remplacement) values(30, 'Incisive laterale', 20, 30);
    insert into dent(numero_dent, nom_dent, cout_reparation, cout_remplacement) values(31, 'Canine', 20, 30);
    insert into dent(numero_dent, nom_dent, cout_reparation, cout_remplacement) values(32, '1ere premolaire', 20, 30);
    insert into dent(numero_dent, nom_dent, cout_reparation, cout_remplacement) values(33, '2 eme premolaire', 20, 30);
    insert into dent(numero_dent, nom_dent, cout_reparation, cout_remplacement) values(34, '1ere molaire', 20, 30);
    insert into dent(numero_dent, nom_dent, cout_reparation, cout_remplacement) values(35, '2 eme molaire', 20, 30);
    insert into dent(numero_dent, nom_dent, cout_reparation, cout_remplacement) values(36, '3 eme molaire  Dent de sagesse', 20, 30);

-- Priorité
    insert into priorite(id_type_soin, numero_dent, rang) values('TPS000001', 1, 1);
    insert into priorite(id_type_soin, numero_dent, rang) values('TPS000001', 2, 2);
    insert into priorite(id_type_soin, numero_dent, rang) values('TPS000001', 3, 3);
    insert into priorite(id_type_soin, numero_dent, rang) values('TPS000001', 4, 4);
    insert into priorite(id_type_soin, numero_dent, rang) values('TPS000001', 5, 5);
    insert into priorite(id_type_soin, numero_dent, rang) values('TPS000001', 6, 6);
    insert into priorite(id_type_soin, numero_dent, rang) values('TPS000001', 7, 7);
    insert into priorite(id_type_soin, numero_dent, rang) values('TPS000001', 8, 8);
    insert into priorite(id_type_soin, numero_dent, rang) values('TPS000001', 9, 9);
    insert into priorite(id_type_soin, numero_dent, rang) values('TPS000001', 10, 10);
    insert into priorite(id_type_soin, numero_dent, rang) values('TPS000001', 11, 11);
    insert into priorite(id_type_soin, numero_dent, rang) values('TPS000001', 12, 12);
    insert into priorite(id_type_soin, numero_dent, rang) values('TPS000001', 13, 13);
    insert into priorite(id_type_soin, numero_dent, rang) values('TPS000001', 14, 14);
    insert into priorite(id_type_soin, numero_dent, rang) values('TPS000001', 15, 15);
    insert into priorite(id_type_soin, numero_dent, rang) values('TPS000001', 16, 16);
    insert into priorite(id_type_soin, numero_dent, rang) values('TPS000001', 21, 17);
    insert into priorite(id_type_soin, numero_dent, rang) values('TPS000001', 22, 18);
    insert into priorite(id_type_soin, numero_dent, rang) values('TPS000001', 23, 19);
    insert into priorite(id_type_soin, numero_dent, rang) values('TPS000001', 24, 20);
    insert into priorite(id_type_soin, numero_dent, rang) values('TPS000001', 25, 21);
    insert into priorite(id_type_soin, numero_dent, rang) values('TPS000001', 26, 22);
    insert into priorite(id_type_soin, numero_dent, rang) values('TPS000001', 27, 23);
    insert into priorite(id_type_soin, numero_dent, rang) values('TPS000001', 28, 24);
    insert into priorite(id_type_soin, numero_dent, rang) values('TPS000001', 29, 25);
    insert into priorite(id_type_soin, numero_dent, rang) values('TPS000001', 30, 26);
    insert into priorite(id_type_soin, numero_dent, rang) values('TPS000001', 31, 27);
    insert into priorite(id_type_soin, numero_dent, rang) values('TPS000001', 32, 28);
    insert into priorite(id_type_soin, numero_dent, rang) values('TPS000001', 33, 29);
    insert into priorite(id_type_soin, numero_dent, rang) values('TPS000001', 34, 30);
    insert into priorite(id_type_soin, numero_dent, rang) values('TPS000001', 35, 31);
    insert into priorite(id_type_soin, numero_dent, rang) values('TPS000001', 36, 32);

    insert into priorite(id_type_soin, numero_dent, rang) values('TPS000002', 1, 32);
    insert into priorite(id_type_soin, numero_dent, rang) values('TPS000002', 2, 31);
    insert into priorite(id_type_soin, numero_dent, rang) values('TPS000002', 3, 30);
    insert into priorite(id_type_soin, numero_dent, rang) values('TPS000002', 4, 29);
    insert into priorite(id_type_soin, numero_dent, rang) values('TPS000002', 5, 28);
    insert into priorite(id_type_soin, numero_dent, rang) values('TPS000002', 6, 27);
    insert into priorite(id_type_soin, numero_dent, rang) values('TPS000002', 7, 26);
    insert into priorite(id_type_soin, numero_dent, rang) values('TPS000002', 8, 25);
    insert into priorite(id_type_soin, numero_dent, rang) values('TPS000002', 9, 24);
    insert into priorite(id_type_soin, numero_dent, rang) values('TPS000002', 10, 23);
    insert into priorite(id_type_soin, numero_dent, rang) values('TPS000002', 11, 22);
    insert into priorite(id_type_soin, numero_dent, rang) values('TPS000002', 12, 21);
    insert into priorite(id_type_soin, numero_dent, rang) values('TPS000002', 13, 20);
    insert into priorite(id_type_soin, numero_dent, rang) values('TPS000002', 14, 19);
    insert into priorite(id_type_soin, numero_dent, rang) values('TPS000002', 15, 18);
    insert into priorite(id_type_soin, numero_dent, rang) values('TPS000002', 16, 17);
    insert into priorite(id_type_soin, numero_dent, rang) values('TPS000002', 21, 16);
    insert into priorite(id_type_soin, numero_dent, rang) values('TPS000002', 22, 15);
    insert into priorite(id_type_soin, numero_dent, rang) values('TPS000002', 23, 14);
    insert into priorite(id_type_soin, numero_dent, rang) values('TPS000002', 24, 13);
    insert into priorite(id_type_soin, numero_dent, rang) values('TPS000002', 25, 12);
    insert into priorite(id_type_soin, numero_dent, rang) values('TPS000002', 26, 11);
    insert into priorite(id_type_soin, numero_dent, rang) values('TPS000002', 27, 10);
    insert into priorite(id_type_soin, numero_dent, rang) values('TPS000002', 28, 9);
    insert into priorite(id_type_soin, numero_dent, rang) values('TPS000002', 29, 8);
    insert into priorite(id_type_soin, numero_dent, rang) values('TPS000002', 30, 7);
    insert into priorite(id_type_soin, numero_dent, rang) values('TPS000002', 31, 6);
    insert into priorite(id_type_soin, numero_dent, rang) values('TPS000002', 32, 5);
    insert into priorite(id_type_soin, numero_dent, rang) values('TPS000002', 33, 4);
    insert into priorite(id_type_soin, numero_dent, rang) values('TPS000002', 34, 3);
    insert into priorite(id_type_soin, numero_dent, rang) values('TPS000002', 35, 2);
    insert into priorite(id_type_soin, numero_dent, rang) values('TPS000002', 36, 1);